task,category,condition,agent_id,n_files,core_recall,precision,f1,judge,Q,confidence,cost_usd,turns,n_calls,out_tok,doc_chars,files_read
P3,perf,M-feature,a0477ae6d2bb72420,11,1.0,0.818,0.9,9,0.934,4,0.4983,17,26,10747,19638,6
P3,perf,M-feature,a239675d0fc5c1196,10,1.0,0.9,0.947,9,0.95,4,0.7079,23,33,14905,19638,9
P3,perf,C1,a12160249556bc69a,10,0.8,0.8,0.8,8,0.8,4,0.7931,23,35,21985,28643,7
P3,perf,C1,af5e2dc6b5591e965,12,0.8,0.667,0.727,7,0.743,4,0.7335,26,46,13588,12137,8
P3,perf,M-folder,a47853f086af4ba61,11,1.0,0.909,0.952,9,0.952,4,0.9925,29,43,21655,19487,11
P3,perf,M-folder,aadfb1755929b693b,11,1.0,0.909,0.952,9,0.952,4,0.6483,16,27,16504,19487,8
P3,perf,M-symbols,a4c80d381a6209355,10,0.8,0.7,0.747,6,0.72,4,0.8468,34,39,16149,22917,8
P3,perf,M-symbols,a8369141404bfac58,10,0.8,0.8,0.8,7,0.77,4,1.1803,36,41,27873,22917,7
P3,perf,C0,a6d8eef98a66733aa,9,0.8,0.778,0.789,6,0.736,4,1.0709,39,49,20498,0,11
P3,perf,C0,ade9aac869babcdbd,9,0.8,0.889,0.842,6,0.758,4,0.653,18,29,12149,0,10
P3,perf,M-playbook,a723a1a8479679786,9,1.0,1.0,1.0,9,0.97,4,0.5062,17,30,11196,13750,5
P3,perf,M-playbook,aa832c25144fa7e35,11,1.0,0.727,0.842,9,0.915,4,0.7502,26,43,16560,13750,11
F2,feature,M-symbols,a017462730bc61acd,7,1.0,1.0,1.0,9,0.97,4,0.3759,14,21,6726,22917,6
F2,feature,M-symbols,a9248a6924afb1f95,8,1.0,0.875,0.933,9,0.945,4,0.4907,23,29,8790,22917,6
F2,feature,C0,a1b4e78dd6f1fe166,8,1.0,1.0,1.0,8,0.94,4,0.3464,14,22,7715,0,6
F2,feature,C0,a5804a9c21004af40,7,1.0,1.0,1.0,9,0.97,4,0.6474,37,37,11669,0,7
F2,feature,M-feature,a1cfb7b0f96605d9f,9,1.0,0.889,0.941,8,0.918,4,0.5487,23,30,11310,19638,7
F2,feature,M-feature,a95762a770264e048,9,1.0,1.0,1.0,9,0.97,4,0.3207,13,22,8637,19638,6
F2,feature,M-playbook,a28e6eacb110599d5,8,1.0,0.875,0.933,8,0.915,4,0.3648,16,22,7552,13750,7
F2,feature,M-playbook,aa4ebcae70876e3e5,9,1.0,0.889,0.941,9,0.948,4,0.4267,18,29,10099,13750,6
F2,feature,M-folder,a5d6f9d58b18ff668,8,1.0,0.875,0.933,9,0.945,4,0.3964,16,20,7774,19487,5
F2,feature,M-folder,ab7ab0574cf29f549,8,1.0,0.875,0.933,9,0.945,4,0.4392,19,19,8143,19487,5
F2,feature,C1,ad4a12f9b60eaab65,10,1.0,0.7,0.824,9,0.91,4,0.4519,17,27,9262,11310,7
F2,feature,C1,af076902948fc4ab7,11,1.0,0.727,0.842,9,0.915,4,0.4488,16,24,9163,27125,6
F3,feature,M-folder,a0fda728eed2a2e15,9,1.0,0.667,0.8,8,0.873,5,0.282,14,19,4204,19487,4
F3,feature,M-folder,a7ac6f2fee25b8319,9,1.0,0.889,0.941,9,0.948,4,0.5688,20,26,10644,19487,4
F3,feature,M-playbook,a13c3e27e40656541,7,1.0,1.0,1.0,9,0.97,5,0.4734,19,23,8733,13750,5
F3,feature,M-playbook,a69c23cce5cc5334c,7,1.0,1.0,1.0,9,0.97,5,0.5149,20,30,8826,13750,5
F3,feature,M-feature,a2b3bbffdc37d30c6,8,1.0,0.75,0.857,9,0.92,5,0.3293,14,19,7474,19638,3
F3,feature,M-feature,a5ec6c228e98c9794,7,1.0,0.857,0.923,8,0.911,4,0.3227,11,16,6457,19638,4
F3,feature,C0,a304fc4b374ebd87e,8,1.0,0.625,0.769,8,0.865,4,0.3871,17,27,7866,0,4
F3,feature,C0,a86874d358ad11267,7,1.0,1.0,1.0,9,0.97,5,0.4181,15,23,6753,0,7
F3,feature,M-symbols,a55cdeff2b3699e5d,8,1.0,0.625,0.769,8,0.865,4,0.456,16,25,7639,22917,5
F3,feature,M-symbols,ad9f06b105e4e4b2f,8,1.0,0.875,0.933,9,0.945,5,0.3622,16,27,6769,22917,5
F3,feature,C1,a7bafe251488e5b23,7,1.0,0.857,0.923,9,0.941,4,0.5516,23,33,10870,14669,5
F3,feature,C1,ac41032307ed493d7,8,1.0,0.625,0.769,8,0.865,4,0.3371,14,24,8135,7231,3
B4,bugfix,M-symbols,a211772a4ac2c977c,11,1.0,0.545,0.706,9,0.879,4,0.7511,14,16,19548,22917,6
B4,bugfix,M-symbols,a7168b2bc47216e59,11,1.0,0.636,0.778,9,0.897,4,1.159,18,29,30158,22917,6
B4,bugfix,C1,a3df36340839058cd,10,1.0,0.4,0.571,6,0.76,4,0.7497,20,28,18729,14386,8
B4,bugfix,C1,a91cf94982951fbc0,10,1.0,0.5,0.667,9,0.87,4,0.675,9,13,21354,10538,6
B4,bugfix,M-feature,a475fe043c0f196b9,10,1.0,0.6,0.75,9,0.89,5,0.791,20,26,22780,19638,6
B4,bugfix,M-feature,aeff53a87d3be57ae,10,1.0,0.8,0.889,9,0.93,4,0.6767,15,19,20330,19638,5
B4,bugfix,C0,a497cf97199c42b58,10,1.0,0.7,0.824,9,0.91,4,1.0491,16,26,27450,0,8
B4,bugfix,C0,ae09fddba49063459,10,1.0,0.5,0.667,6,0.78,4,0.6135,9,17,12868,0,5
B4,bugfix,M-folder,ab35c59ebd0b2eec6,10,1.0,0.5,0.667,9,0.87,4,0.5068,11,17,12694,19487,5
B4,bugfix,M-folder,ad9300e8afeac1ecc,8,1.0,0.875,0.933,9,0.945,4,0.6335,15,21,18253,19487,5
B4,bugfix,M-playbook,af07146486891ad06,10,1.0,0.8,0.889,9,0.93,4,0.6401,13,19,19455,13750,5
B4,bugfix,M-playbook,afa7b8806f0978693,8,1.0,0.875,0.933,9,0.945,4,0.661,16,21,18148,13750,5
P1,perf,M-symbols,a41f80e6f8ddcae5f,12,0.875,0.917,0.895,8,0.861,4,0.7491,20,29,14889,23113,10
P1,perf,M-symbols,ab2a2a8a170b05813,11,0.75,0.818,0.783,7,0.749,4,0.6665,22,25,9508,22917,9
P1,perf,C1,a424a12664418d4fb,12,0.875,0.75,0.808,8,0.828,4,0.713,18,26,11565,51356,7
P1,perf,C1,a7057a9b70ee785d3,12,0.875,0.833,0.854,8,0.844,4,0.6693,15,22,12816,49108,6
P1,perf,M-folder,a428c4ebf9b088c8f,10,0.875,0.9,0.887,8,0.858,4,0.5603,20,28,10490,19487,9
P1,perf,M-folder,a92d72ba9898e794a,11,0.875,0.818,0.846,8,0.841,4,0.7193,18,25,16167,19487,11
P1,perf,M-feature,a44f68a973981ede1,11,0.875,0.909,0.892,8,0.859,4,0.4368,12,19,9448,19638,7
P1,perf,M-feature,aaa66a7e16c8d441b,12,0.875,0.917,0.895,8,0.861,4,0.5928,16,24,12903,19638,10
P1,perf,M-playbook,aaf4345c16040f3f0,10,0.875,0.9,0.887,8,0.858,4,0.411,11,17,8531,13750,8
P1,perf,M-playbook,abcf8284d76b93980,11,0.875,0.909,0.892,8,0.859,4,0.6413,22,27,12782,13750,8
P1,perf,C0,ad5c153b18c921ec6,10,0.875,1.0,0.933,8,0.877,4,0.7828,24,30,17449,0,7
P1,perf,C0,af420b8966e8004e1,11,0.875,0.818,0.846,8,0.841,4,0.6272,16,25,14186,0,8
F1,feature,M-folder,a1368c542d43ceafb,6,1.0,1.0,1.0,9,0.97,4,0.4113,12,17,6497,19487,3
F1,feature,M-folder,aa0d7e689d52ccb3d,7,1.0,1.0,1.0,9,0.97,4,0.2851,7,12,6227,19487,4
F1,feature,C1,a442db7c1afb4c502,10,1.0,0.8,0.889,9,0.93,5,0.3585,12,20,6447,10900,4
F1,feature,C1,a971dccd21dc00b7c,9,1.0,0.667,0.8,8,0.873,4,0.4065,11,16,8058,11852,2
F1,feature,M-symbols,a4837e6b5c43b4345,7,1.0,1.0,1.0,9,0.97,4,0.3081,10,14,4396,22917,3
F1,feature,M-symbols,aa9b2f454a50ab11f,7,1.0,0.714,0.833,8,0.883,4,0.3115,11,22,4897,22917,4
F1,feature,M-playbook,a71cbcc63cc9aa12e,7,1.0,0.857,0.923,9,0.941,4,0.4034,19,24,8826,13750,2
F1,feature,M-playbook,afb1e02c07441146e,7,1.0,0.857,0.923,9,0.941,4,0.4712,14,18,6926,13750,3
F1,feature,M-feature,a7cb3a172920ed7b0,7,1.0,1.0,1.0,9,0.97,4,0.3043,13,18,4716,19638,4
F1,feature,M-feature,abe82856ab3b08770,8,1.0,0.75,0.857,8,0.89,4,0.3909,15,20,8276,19638,2
F1,feature,C0,abaa99f5bbf8e5f40,8,1.0,0.875,0.933,8,0.915,4,0.2582,10,15,4410,0,3
F1,feature,C0,ad35f36e1813c3718,7,1.0,1.0,1.0,9,0.97,4,0.4592,11,20,4938,0,7
P2,perf,M-folder,a20a2ee179350ba19,8,1.0,1.0,1.0,9,0.97,4,0.4849,15,20,11184,19487,7
P2,perf,M-folder,afcd0899df3299c88,8,1.0,1.0,1.0,9,0.97,4,0.4588,18,18,7609,19487,8
P2,perf,M-symbols,a2d27a1c68a1ab1e0,8,1.0,1.0,1.0,9,0.97,5,0.4967,16,16,8529,22917,5
P2,perf,M-symbols,af26740e8932f2182,8,1.0,1.0,1.0,9,0.97,5,0.4901,12,16,8131,22917,8
P2,perf,C0,a47ef6cf25851d038,8,1.0,1.0,1.0,9,0.97,4,0.6649,29,29,10581,0,6
P2,perf,C0,a9c7e28326c3379e6,8,1.0,1.0,1.0,9,0.97,4,0.478,16,20,9496,0,8
P2,perf,C1,a62522dd177aa35a6,11,1.0,0.727,0.842,9,0.915,4,0.6261,19,30,15187,18869,7
P2,perf,C1,af8af05a5303aca66,9,1.0,0.889,0.941,8,0.918,4,0.4289,13,21,7646,14801,4
P2,perf,M-playbook,a6e04a8c7b6fec8a5,8,1.0,1.0,1.0,9,0.97,5,0.4875,15,20,10171,13750,7
P2,perf,M-playbook,a7e38855c0a07a9b4,9,1.0,1.0,1.0,8,0.94,4,0.383,17,22,6439,13750,5
P2,perf,M-feature,ac3377e5efdb9955c,6,1.0,1.0,1.0,8,0.94,5,0.3049,12,15,4089,19638,5
P2,perf,M-feature,ae4382e1548a9ef14,9,1.0,0.889,0.941,9,0.948,4,0.3908,11,15,9307,19638,5
F4,feature,M-folder,a1d96fdb38a447e36,5,1.0,0.8,0.889,8,0.9,5,0.1241,6,7,3526,19487,2
F4,feature,M-folder,a85aa3374e635bb9c,5,1.0,0.6,0.75,8,0.86,4,0.1772,6,9,3167,19487,2
F4,feature,M-feature,a35cd2019af2a6a7c,4,1.0,1.0,1.0,9,0.97,5,0.1954,7,10,3102,19638,2
F4,feature,M-feature,a4c07f31104da53e4,5,1.0,0.8,0.889,8,0.9,5,0.1302,5,7,3024,19638,2
F4,feature,C1,a4aa72de8f0453ec5,4,1.0,0.75,0.857,8,0.89,4,0.1416,7,8,4131,7589,1
F4,feature,C1,ae7b951ce6275ab13,5,1.0,0.8,0.889,9,0.93,5,0.1547,7,9,3209,7761,2
F4,feature,M-playbook,a5e2f4da5939b3104,4,1.0,1.0,1.0,9,0.97,5,0.1343,8,8,2345,13750,1
F4,feature,M-playbook,ad5dfb45903fcc97a,3,1.0,1.0,1.0,8,0.94,5,0.1514,7,9,2475,13750,1
F4,feature,C0,a820e92772e8eda59,3,1.0,1.0,1.0,8,0.94,5,0.0883,5,7,1182,0,1
F4,feature,C0,a9a3983bb601a86a6,3,1.0,1.0,1.0,8,0.94,5,0.1025,6,9,2551,0,1
F4,feature,M-symbols,ac953536a73c75482,3,1.0,1.0,1.0,8,0.94,4,0.1125,6,7,2883,22917,1
F4,feature,M-symbols,ae8eeed6c3e600271,4,1.0,1.0,1.0,9,0.97,5,0.1735,6,8,2529,22917,1
B1,bugfix,M-playbook,a04d048ea06385044,8,0.833,1.0,0.909,8,0.857,4,0.6161,18,25,14146,13750,7
B1,bugfix,M-playbook,a7d2d52ed42568dd2,8,0.833,1.0,0.909,8,0.857,4,0.7126,24,27,13925,13750,8
B1,bugfix,M-symbols,a083446644145c96d,11,0.833,0.909,0.87,8,0.838,4,0.6706,18,27,15337,22917,7
B1,bugfix,M-symbols,a31f1087817520902,8,0.833,1.0,0.909,8,0.857,4,0.6561,14,21,17769,22917,8
B1,bugfix,M-folder,a0dff0e5b4e7ce245,10,0.667,0.8,0.727,7,0.703,4,0.514,12,22,14436,19487,6
B1,bugfix,M-folder,a67ebd3dfe7b365e7,8,0.833,1.0,0.909,8,0.857,4,0.5369,17,28,15148,19487,6
B1,bugfix,C0,a623658a97788a85a,8,0.833,1.0,0.909,8,0.857,4,0.7897,23,37,19763,0,7
B1,bugfix,C0,afe5d14483e6ed07c,7,0.833,1.0,0.909,8,0.857,4,0.6014,20,32,12878,0,5
B1,bugfix,C1,a68b3ddb0b0cfefd5,8,0.5,0.625,0.556,6,0.555,4,0.7037,20,32,17412,11130,4
B1,bugfix,C1,aa879d20da35f026e,8,0.667,0.875,0.757,7,0.718,4,0.7931,29,43,19231,11788,5
B1,bugfix,M-feature,aa932cf014f1c1b65,8,0.833,1.0,0.909,9,0.887,4,0.681,18,25,17264,19638,7
B1,bugfix,M-feature,af0b8bc0440ef2e62,10,0.833,1.0,0.909,8,0.857,4,0.6722,20,26,15980,19638,7
B2,bugfix,M-playbook,a09c0a6178e7f8239,8,1.0,0.75,0.857,6,0.83,4,0.5323,20,20,9188,13750,3
B2,bugfix,M-playbook,aea5f544232e142d8,8,1.0,0.875,0.933,7,0.885,4,0.6149,20,21,13736,13750,4
B2,bugfix,M-symbols,a2caa05c862d5d9ac,6,1.0,0.833,0.909,6,0.847,4,0.4972,11,13,11967,22917,4
B2,bugfix,M-symbols,a4369425a3c4e3800,6,1.0,1.0,1.0,6,0.88,4,0.5783,21,21,13299,22917,3
B2,bugfix,C1,a65b23075cc9e8eef,8,1.0,0.75,0.857,6,0.83,4,0.7622,22,30,14505,14964,4
B2,bugfix,C1,acc3a4b6da289889e,7,1.0,0.714,0.833,6,0.823,4,0.6602,16,23,15898,13252,5
B2,bugfix,M-feature,a6e17f2b6c3b8d4c2,6,1.0,0.833,0.909,9,0.937,4,0.4009,14,14,6880,19638,4
B2,bugfix,M-feature,a766e9efb87374bf6,6,1.0,0.833,0.909,6,0.847,4,0.5294,11,16,13872,19638,4
B2,bugfix,C0,a95601b2d419951fc,5,1.0,1.0,1.0,8,0.94,4,0.598,17,25,14628,0,5
B2,bugfix,C0,a9b18875984df89e4,6,1.0,1.0,1.0,6,0.88,4,0.6274,12,14,15815,0,5
B2,bugfix,M-folder,abf41d2db5291e937,6,1.0,0.833,0.909,6,0.847,4,0.42,11,13,9049,19487,5
B2,bugfix,M-folder,acbc5bfaf016b0e64,5,1.0,1.0,1.0,7,0.91,4,0.5532,9,12,11384,19487,3
P4,perf,M-symbols,a17bf22c2f0cae2e0,9,1.0,1.0,1.0,9,0.97,4,0.5841,10,16,12157,22917,4
P4,perf,M-symbols,a5d573129fdfbdf90,7,1.0,1.0,1.0,9,0.97,4,0.6733,20,26,12183,22917,5
P4,perf,M-playbook,a21733cf07efa34f7,9,1.0,0.889,0.941,9,0.948,4,0.5384,17,21,13815,13750,4
P4,perf,M-playbook,a6a0befc1966b1f54,7,0.8,1.0,0.889,7,0.81,4,0.4265,14,20,10576,13750,3
P4,perf,M-feature,a2ed89b23c5f58e89,8,1.0,0.625,0.769,6,0.805,5,0.466,8,11,6890,19638,4
P4,perf,M-feature,a4dc9144a005d8aa2,8,1.0,1.0,1.0,9,0.97,4,0.4538,12,17,10886,19638,3
P4,perf,M-folder,a66b637f485394695,9,1.0,0.889,0.941,9,0.948,4,0.4364,7,14,8624,19487,6
P4,perf,M-folder,a6ddd12385b586fe5,8,1.0,1.0,1.0,9,0.97,4,0.5992,11,15,10867,19487,5
P4,perf,C1,a6a4580175c29dddc,11,1.0,0.727,0.842,9,0.915,4,0.6228,15,21,17493,12323,3
P4,perf,C1,a6f420a38a2203f18,8,1.0,0.625,0.769,9,0.895,4,0.6853,26,30,14673,13031,4
P4,perf,C0,af4b542e4f4afc2cb,10,1.0,0.9,0.947,9,0.95,4,0.7077,12,19,14400,0,5
P4,perf,C0,af97685bfd932f903,6,0.8,1.0,0.889,7,0.81,4,0.5597,13,20,11399,0,5
B3,bugfix,M-playbook,a1f6dc139211b1bcc,10,1.0,0.6,0.75,6,0.8,4,1.3633,35,41,37041,13750,9
B3,bugfix,M-playbook,aa9de0da619dcaf56,10,1.0,0.9,0.947,8,0.92,3,0.8715,26,26,25534,13750,9
B3,bugfix,M-folder,a2133ef46ca0dc106,12,1.0,0.917,0.957,9,0.953,3,0.822,21,26,23047,19487,7
B3,bugfix,M-folder,af5eaedbadc7c1822,12,1.0,0.833,0.909,8,0.907,4,0.9683,30,30,23300,19487,10
B3,bugfix,M-feature,a42462ca9e12e2d87,10,1.0,1.0,1.0,8,0.94,4,0.9506,21,32,25819,19638,8
B3,bugfix,M-feature,a4f2957d88ad0e519,12,1.0,0.917,0.957,9,0.953,3,0.9901,24,30,26590,19638,10
B3,bugfix,C0,a88ae9d010e6945a6,12,1.0,0.917,0.957,9,0.953,3,0.7347,19,27,19010,0,6
B3,bugfix,C0,a9295d4f1d9560a63,12,1.0,0.833,0.909,9,0.937,3,0.9343,28,42,26897,0,9
B3,bugfix,M-symbols,aa7334f8c728cd339,9,1.0,1.0,1.0,8,0.94,3,1.1057,28,33,27140,22917,9
B3,bugfix,M-symbols,acd396bd5a6f4284f,11,1.0,0.909,0.952,8,0.922,3,0.7755,16,25,16423,22917,11
B3,bugfix,C1,aaa2006224594e921,12,1.0,0.833,0.909,8,0.907,3,0.9725,24,39,25726,14133,7
B3,bugfix,C1,ac3717c1c8d505a0a,11,1.0,0.818,0.9,9,0.934,3,0.8452,24,34,21876,23485,8
X6,feature,C1,a01c84e45562dfd57,6,1.0,1.0,1.0,9,0.97,5,0.3566,12,21,8049,14313,4
X6,feature,C1,af3549a59470a3c63,11,1.0,0.636,0.778,8,0.867,5,0.6995,22,28,16574,20891,6
X6,feature,M-playbook,a03516e856fd313a0,9,1.0,0.778,0.875,8,0.896,4,0.4567,12,19,10983,13750,6
X6,feature,M-playbook,a56902996d9cffd63,8,1.0,0.875,0.933,8,0.915,5,0.394,12,16,10687,13750,4
X6,feature,C0,a296e11f1440133ba,7,1.0,0.857,0.923,9,0.941,4,0.2591,9,12,3328,0,6
X6,feature,C0,a33a410e8f71f0e9b,6,1.0,0.833,0.909,9,0.937,5,0.306,9,14,6695,0,4
X6,feature,M-symbols,a3232e6adceb7f769,7,1.0,0.857,0.923,9,0.941,5,0.2912,10,15,7551,22917,5
X6,feature,M-symbols,a3697d5134e325476,6,1.0,1.0,1.0,9,0.97,5,0.2481,14,21,2498,22917,4
X6,feature,M-feature,a43f6550763a1b1fe,8,1.0,0.75,0.857,8,0.89,5,0.3335,7,13,7393,19638,6
X6,feature,M-feature,a88fa8fcfe685b501,8,1.0,0.875,0.933,8,0.915,5,0.2922,10,15,4603,19638,6
X6,feature,M-folder,a57397ae7be39e141,8,1.0,0.875,0.933,9,0.945,5,0.3557,9,14,6882,19487,6
X6,feature,M-folder,a91614e420ac8a881,9,1.0,0.667,0.8,8,0.873,5,0.4026,9,13,9072,19487,7
X4,feature,M-feature,a0a3b2c6f5c324971,9,1.0,0.778,0.875,8,0.896,4,0.4475,15,20,8677,19638,7
X4,feature,M-feature,a87992ef130151ec3,8,1.0,0.875,0.933,9,0.945,4,0.3918,14,19,11512,19638,6
X4,feature,C1,a0bbdf50cedaa66ec,11,1.0,0.727,0.842,9,0.915,5,0.3041,11,18,7988,12472,4
X4,feature,C1,a8f69620a06c9460c,12,1.0,0.75,0.857,9,0.92,5,0.4378,13,18,10974,16447,4
X4,feature,M-folder,a28688955bd891f57,9,1.0,0.667,0.8,9,0.903,5,0.2933,12,15,7934,19487,6
X4,feature,M-folder,a7acaad4cef2bd3ca,10,1.0,0.8,0.889,9,0.93,4,0.3518,11,19,7420,19487,6
X4,feature,M-playbook,a2a874fc04bb3af7d,11,1.0,0.636,0.778,9,0.897,5,0.327,11,15,8760,13750,5
X4,feature,M-playbook,a56da5fc2c2193e11,10,1.0,0.7,0.824,9,0.91,5,0.3077,11,20,7036,13750,4
X4,feature,M-symbols,a66e07e70e564be48,12,1.0,0.75,0.857,9,0.92,4,0.3784,13,20,9713,22917,8
X4,feature,M-symbols,ac0c220c8366a2ac7,12,1.0,0.833,0.909,9,0.937,5,0.3093,12,12,7290,22917,3
X4,feature,C0,a82cb92ee975e3fab,11,1.0,0.818,0.9,9,0.934,5,0.3008,12,15,8294,0,3
X4,feature,C0,ae21064ac3c063b54,9,1.0,0.778,0.875,9,0.926,4,0.3331,13,18,9489,3744,6
X3,bugfix,M-symbols,a1005d66abb476f98,11,1.0,0.818,0.9,8,0.904,4,1.0064,29,29,22270,22917,10
X3,bugfix,M-symbols,a71a5ee664f3a7449,8,0.75,1.0,0.857,6,0.755,4,0.527,11,17,13032,22917,6
X3,bugfix,C0,a1203ddd33c4e2504,7,1.0,1.0,1.0,9,0.97,4,0.5376,16,23,13046,0,9
X3,bugfix,C0,a1d029f5a61758c63,7,0.25,0.714,0.37,4,0.388,5,0.396,14,20,10924,0,9
X3,bugfix,M-playbook,a3550e339e951de99,7,0.75,1.0,0.857,8,0.815,4,0.9,19,25,29405,13750,7
X3,bugfix,M-playbook,a44b04f6f02b676fe,8,0.75,0.875,0.808,7,0.76,4,0.4634,12,19,11164,13750,6
X3,bugfix,M-folder,a3e1661e99017ebdc,10,0.75,0.7,0.724,6,0.695,4,0.6546,17,23,17547,19487,3
X3,bugfix,M-folder,a498cef7736dddb10,10,0.75,0.7,0.724,6,0.695,4,0.763,18,29,19246,19487,8
X3,bugfix,M-feature,a3fd581fd760e428d,9,0.25,0.667,0.364,5,0.408,4,0.7776,22,25,18608,19638,9
X3,bugfix,M-feature,a788dd82202565835,9,0.25,0.667,0.364,5,0.408,4,0.4418,16,16,10164,19638,6
X3,bugfix,C1,ab0bdcd6cc63f2e40,9,0.25,0.556,0.345,5,0.386,4,0.4166,19,20,6801,15755,5
X3,bugfix,C1,acf4bb9ee075467e7,9,0.25,0.556,0.345,5,0.386,4,0.5954,20,25,14460,12725,9
X5,perf,M-playbook,a0ad0687f7ca1f800,7,1.0,1.0,1.0,9,0.97,4,0.4813,10,13,16365,13750,3
X5,perf,M-playbook,a96328dba2cc18964,6,1.0,1.0,1.0,9,0.97,4,0.4889,10,12,14134,13750,4
X5,perf,M-feature,a0e8f4a6d8796fef4,8,1.0,0.875,0.933,9,0.945,4,0.5612,11,17,17186,19638,4
X5,perf,M-feature,a57f2761510bc5569,8,1.0,0.875,0.933,9,0.945,4,0.4613,8,11,13752,19638,4
X5,perf,C0,a17559040b191f9b2,8,1.0,0.875,0.933,9,0.945,4,0.6577,13,18,20294,0,5
X5,perf,C0,a6e191342aedd6676,8,1.0,0.875,0.933,9,0.945,4,0.8664,21,27,26690,0,9
X5,perf,M-folder,a2df2b1a37742a74a,8,1.0,1.0,1.0,9,0.97,4,0.4655,10,15,10018,19487,7
X5,perf,M-folder,a30259155b7d8e3b9,9,1.0,0.889,0.941,9,0.948,4,0.3693,7,12,9205,19487,6
X5,perf,M-symbols,a36fe2e06b104441a,7,0.8,0.857,0.828,8,0.811,4,0.5141,12,17,12751,22917,6
X5,perf,M-symbols,a597b5d002bde4cc4,8,0.8,0.875,0.836,8,0.815,4,0.6159,12,15,17012,22917,6
X5,perf,C1,a71e8e0589e70145a,8,1.0,1.0,1.0,9,0.97,4,0.7143,19,26,19174,11571,7
X5,perf,C1,a812aa09d49dc3ef9,8,1.0,0.75,0.857,9,0.92,4,0.5987,15,21,15921,9314,5
X2,bugfix,M-feature,a03358a9793012a95,11,1.0,1.0,1.0,9,0.97,4,0.6045,16,27,16946,19638,8
X2,bugfix,M-feature,a4159d7a40ad5de83,12,1.0,0.75,0.857,9,0.92,4,0.6936,22,32,11866,19638,12
X2,bugfix,C0,a1980f920d2ddef47,11,1.0,1.0,1.0,9,0.97,3,0.903,29,40,20145,0,14
X2,bugfix,C0,af657e2fe446077a4,12,1.0,1.0,1.0,9,0.97,4,0.8345,21,34,22330,0,11
X2,bugfix,M-symbols,a298c3c5a46bdd23a,10,1.0,0.9,0.947,9,0.95,4,0.898,21,33,20664,22917,15
X2,bugfix,M-symbols,a41c389c091cd2027,11,1.0,0.909,0.952,9,0.952,4,0.6307,18,25,14756,22917,9
X2,bugfix,M-folder,a39231dbc831c67d5,11,1.0,1.0,1.0,9,0.97,4,0.8547,24,34,19806,19487,15
X2,bugfix,M-folder,a621e75b33d41fd21,12,1.0,1.0,1.0,9,0.97,4,0.8955,18,29,24994,21877,11
X2,bugfix,C1,a4386e9b0938c9665,12,1.0,0.833,0.909,9,0.937,3,0.9938,21,34,28637,10275,13
X2,bugfix,C1,a4b607efe39d8d4f7,12,1.0,0.917,0.957,7,0.893,4,0.4781,15,27,10777,21613,7
X2,bugfix,M-playbook,a7416dc7e197375ce,11,1.0,0.909,0.952,9,0.952,4,0.4729,18,22,12285,13750,9
X2,bugfix,M-playbook,a82fa2fcf9c3c91d6,12,1.0,1.0,1.0,9,0.97,4,1.065,19,29,31090,13750,11
X1,bugfix,M-feature,a04fe5632904645d5,8,1.0,0.75,0.857,9,0.92,4,0.614,10,14,20125,19638,7
X1,bugfix,M-feature,a27051e64b1e0b9b8,8,1.0,0.75,0.857,9,0.92,4,0.5471,15,17,12371,19638,9
X1,bugfix,M-symbols,a157d8e9124ca15e3,9,1.0,0.667,0.8,8,0.873,4,0.5562,11,14,19408,22917,5
X1,bugfix,M-symbols,a36bf37e745818955,7,1.0,0.714,0.833,9,0.913,4,0.5195,11,16,15409,22917,6
X1,bugfix,C0,a262454b4faac1417,6,1.0,0.667,0.8,8,0.873,4,0.5185,13,18,15053,0,5
X1,bugfix,C0,a8d979d805b4aee17,8,1.0,0.625,0.769,8,0.865,4,0.4848,13,22,13805,0,4
X1,bugfix,M-playbook,a5a2670212ed818a8,8,1.0,0.625,0.769,8,0.865,4,0.4179,10,14,11775,13750,7
X1,bugfix,M-playbook,a8964c68d69e32218,8,1.0,0.75,0.857,8,0.89,3,0.6487,13,17,20653,13750,7
X1,bugfix,C1,a5ad925f56e1234e2,9,1.0,0.667,0.8,8,0.873,4,0.9782,24,36,21282,39954,6
X1,bugfix,C1,aa89b27befd62df90,10,1.0,0.5,0.667,8,0.84,4,0.9018,18,29,22327,47278,7
X1,bugfix,M-folder,a61519a542b147918,8,1.0,0.75,0.857,9,0.92,4,0.8997,14,21,29053,19487,6
X1,bugfix,M-folder,a8a8934f5af77a0d8,7,1.0,0.857,0.923,9,0.941,4,0.6962,16,16,21544,19487,7
X8,bugfix,M-folder,a0690b4eecbcf081d,9,1.0,0.889,0.941,9,0.948,4,0.9247,17,23,28228,19487,8
X8,bugfix,M-folder,a4f0bedced65e7d51,10,1.0,0.8,0.889,9,0.93,4,0.8572,25,25,21223,19487,7
X8,bugfix,M-symbols,a138cbeef5b6439f4,10,1.0,0.8,0.889,9,0.93,3,0.8788,19,26,22252,22917,8
X8,bugfix,M-symbols,a7cf8059c2ae54fad,9,1.0,1.0,1.0,9,0.97,4,1.0191,22,29,26114,22917,8
X8,bugfix,M-feature,a1d41fcd317739476,11,1.0,0.909,0.952,9,0.952,3,1.294,21,29,37533,19638,11
X8,bugfix,M-feature,a27ce30dffaca0b54,10,1.0,0.9,0.947,9,0.95,3,0.9751,18,27,26938,20539,11
X8,bugfix,M-playbook,a21ce27f164fca2f7,10,1.0,0.7,0.824,8,0.88,4,0.7133,23,33,14695,13750,7
X8,bugfix,M-playbook,a54a0c7acbfda771c,12,1.0,0.75,0.857,9,0.92,3,1.41,33,33,35824,13750,11
X8,bugfix,C1,a60987767eb40446f,10,1.0,0.7,0.824,9,0.91,4,0.6932,15,27,20298,17939,6
X8,bugfix,C1,ad8a9dc207b76fdd3,11,1.0,0.636,0.778,9,0.897,4,0.8754,18,29,25187,25504,7
X8,bugfix,C0,a80dd73a5cc9b762d,8,1.0,0.875,0.933,8,0.915,3,0.7423,17,25,21691,0,8
X8,bugfix,C0,addd5c24f742ed251,9,1.0,0.778,0.875,9,0.926,3,0.6757,16,23,19749,0,8
X7,bugfix,M-playbook,a02592e4bb5cbcefe,7,0.75,0.571,0.649,7,0.699,4,0.5091,15,19,11311,13750,3
X7,bugfix,M-playbook,a12d74260ea021e30,9,1.0,0.667,0.8,8,0.873,3,1.1376,27,40,28005,13750,7
X7,bugfix,M-feature,a0385ce26b299e134,7,1.0,0.571,0.727,8,0.854,4,0.5891,14,17,16951,19638,3
X7,bugfix,M-feature,a5880b232883ff4cb,7,1.0,0.714,0.833,8,0.883,4,0.6322,22,22,13018,19638,4
X7,bugfix,M-folder,a0763e468b119abfb,7,0.75,0.714,0.732,7,0.728,4,0.6287,16,18,14280,23558,2
X7,bugfix,M-folder,a1505b3bb4ea08a4d,8,1.0,0.75,0.857,8,0.89,4,0.8083,20,25,22932,19487,7
X7,bugfix,C1,a68ad94ab9d6d5418,7,1.0,0.857,0.923,8,0.911,3,0.9319,28,44,18295,26958,6
X7,bugfix,C1,aed69952c4c6ad03c,7,1.0,0.571,0.727,8,0.854,4,0.6705,23,25,13059,16514,3
X7,bugfix,M-symbols,a83f2b52f974b6d33,8,1.0,0.75,0.857,8,0.89,4,0.607,19,32,15637,22917,2
X7,bugfix,M-symbols,aaf20b33dcf9ade8e,7,1.0,0.857,0.923,8,0.911,4,0.8412,20,30,22042,22917,6
X7,bugfix,C0,a9f5a58f2f6d83241,5,0.75,0.6,0.667,7,0.705,4,1.1803,32,45,23436,0,6
X7,bugfix,C0,afcb6f49310244d63,7,1.0,0.857,0.923,8,0.911,3,0.6348,22,33,14001,0,6
